timestamp,temperature,humidity,prediction
2025-12-06 17:18:12,30.3,81.5,Panas
2025-12-06 17:18:12,30.3,81.5,Panas
2025-12-06 17:18:14,30.3,81.5,Panas
2025-12-06 17:18:14,30.3,81.5,Panas
2025-12-06 17:18:16,30.3,81.4,Panas
2025-12-06 17:18:16,30.3,81.4,Panas
2025-12-06 17:18:18,30.3,81.3,Panas
2025-12-06 17:18:18,30.3,81.3,Panas
2025-12-06 17:18:20,30.3,81.2,Panas
2025-12-06 17:18:20,30.3,81.2,Panas
2025-12-06 17:18:22,30.3,81.1,Panas
2025-12-06 17:18:22,30.3,81.1,Panas
2025-12-06 17:18:24,30.3,81.1,Panas
2025-12-06 17:18:24,30.3,81.1,Panas
2025-12-06 17:18:26,30.3,81.2,Panas
2025-12-06 17:18:26,30.3,81.2,Panas
2025-12-06 17:18:28,30.3,81.2,Panas
2025-12-06 17:18:28,30.3,81.2,Panas
2025-12-06 17:18:30,30.3,81.2,Panas
2025-12-06 17:18:30,30.3,81.2,Panas
2025-12-06 17:18:32,30.3,81.2,Panas
2025-12-06 17:18:32,30.3,81.2,Panas
2025-12-06 17:18:34,30.3,81.1,Panas
2025-12-06 17:18:34,30.3,81.1,Panas
2025-12-06 17:18:36,30.3,81.0,Panas
2025-12-06 17:18:36,30.3,81.0,Panas
2025-12-06 17:18:38,30.3,81.0,Panas
2025-12-06 17:18:38,30.3,81.0,Panas
2025-12-06 17:18:40,30.3,81.0,Panas
2025-12-06 17:18:40,30.3,81.0,Panas
2025-12-06 17:18:42,30.3,81.1,Panas
2025-12-06 17:18:42,30.3,81.1,Panas
2025-12-06 17:18:44,30.3,81.0,Panas
2025-12-06 17:18:44,30.3,81.0,Panas
2025-12-06 17:18:46,30.3,81.0,Panas
2025-12-06 17:18:46,30.3,81.0,Panas
2025-12-06 17:18:48,30.3,81.1,Panas
2025-12-06 17:18:48,30.3,81.1,Panas
2025-12-06 17:18:50,30.3,81.0,Panas
2025-12-06 17:18:50,30.3,81.0,Panas
2025-12-06 17:18:52,30.3,81.0,Panas
2025-12-06 17:18:52,30.3,81.0,Panas
2025-12-06 17:18:54,30.3,80.9,Panas
2025-12-06 17:18:54,30.3,80.9,Panas
2025-12-06 17:18:56,30.3,80.8,Panas
2025-12-06 17:18:56,30.3,80.8,Panas
2025-12-06 17:18:58,30.3,80.8,Panas
2025-12-06 17:18:58,30.3,80.8,Panas
2025-12-06 17:19:00,30.3,80.7,Panas
2025-12-06 17:19:00,30.3,80.7,Panas
2025-12-06 17:19:02,30.3,80.7,Panas
2025-12-06 17:19:02,30.3,80.7,Panas
2025-12-06 17:19:04,30.3,80.8,Panas
2025-12-06 17:19:04,30.3,80.8,Panas
2025-12-06 17:19:06,30.3,80.8,Panas
2025-12-06 17:19:06,30.3,80.8,Panas
2025-12-06 17:19:08,30.3,80.8,Panas
2025-12-06 17:19:08,30.3,80.8,Panas
2025-12-06 17:19:10,30.3,80.8,Panas
2025-12-06 17:19:10,30.3,80.8,Panas
2025-12-06 17:19:12,30.3,80.7,Panas
2025-12-06 17:19:12,30.3,80.7,Panas
2025-12-06 17:19:14,30.3,80.7,Panas
2025-12-06 17:19:14,30.3,80.7,Panas
2025-12-06 17:19:16,30.3,80.6,Panas
2025-12-06 17:19:16,30.3,80.6,Panas
2025-12-06 17:19:18,30.3,80.5,Panas
2025-12-06 17:19:18,30.3,80.5,Panas
2025-12-06 17:19:20,30.3,80.4,Panas
2025-12-06 17:19:20,30.3,80.4,Panas
2025-12-06 17:19:22,30.4,80.3,Panas
2025-12-06 17:19:22,30.4,80.3,Panas
2025-12-06 17:19:24,30.3,80.2,Panas
2025-12-06 17:19:24,30.3,80.2,Panas
2025-12-06 17:19:26,30.3,80.2,Panas
2025-12-06 17:19:26,30.3,80.2,Panas
2025-12-06 17:19:28,30.4,80.1,Panas
2025-12-06 17:19:28,30.4,80.1,Panas
2025-12-06 17:19:30,30.4,80.1,Panas
2025-12-06 17:19:30,30.4,80.1,Panas
2025-12-06 17:19:32,30.4,80.1,Panas
2025-12-06 17:19:32,30.4,80.1,Panas
2025-12-06 17:19:34,30.3,80.1,Panas
2025-12-06 17:19:34,30.3,80.1,Panas
2025-12-06 17:19:36,30.4,80.1,Panas
2025-12-06 17:19:36,30.4,80.1,Panas
2025-12-06 17:19:38,30.4,80.1,Panas
2025-12-06 17:19:38,30.4,80.1,Panas
2025-12-06 17:19:40,30.4,80.1,Panas
2025-12-06 17:19:40,30.4,80.1,Panas
2025-12-06 17:19:42,30.4,80.1,Panas
2025-12-06 17:19:42,30.4,80.1,Panas
2025-12-06 17:19:44,30.4,80.1,Panas
2025-12-06 17:19:44,30.4,80.1,Panas
2025-12-06 17:19:46,30.4,80.1,Panas
2025-12-06 17:19:46,30.4,80.1,Panas
2025-12-06 17:19:48,30.4,80.0,Panas
2025-12-06 17:19:48,30.4,80.0,Panas
2025-12-06 17:19:50,30.4,80.0,Panas
2025-12-06 17:19:50,30.4,80.0,Panas
2025-12-06 17:19:52,30.4,80.0,Panas
2025-12-06 17:19:52,30.4,80.0,Panas
2025-12-06 17:19:54,30.4,79.9,Panas
2025-12-06 17:19:54,30.4,79.9,Panas
2025-12-06 17:19:56,30.4,79.8,Panas
2025-12-06 17:19:56,30.4,79.8,Panas
2025-12-06 17:19:58,30.4,79.8,Panas
2025-12-06 17:19:58,30.4,79.8,Panas
2025-12-06 17:20:00,30.4,79.8,Panas
2025-12-06 17:20:00,30.4,79.8,Panas
2025-12-06 17:20:02,30.4,79.7,Panas
2025-12-06 17:20:02,30.4,79.7,Panas
2025-12-06 17:20:04,30.4,79.7,Panas
2025-12-06 17:20:04,30.4,79.7,Panas
2025-12-06 17:20:06,30.4,79.7,Panas
2025-12-06 17:20:08,30.4,79.7,Panas
2025-12-06 17:20:06,30.4,79.7,Panas
2025-12-06 17:20:10,30.4,79.6,Panas
2025-12-06 17:20:08,30.4,79.7,Panas
2025-12-06 17:20:10,30.4,79.6,Panas
2025-12-06 17:20:12,30.4,79.6,Panas
2025-12-06 17:20:12,30.4,79.6,Panas
2025-12-06 17:20:14,30.4,79.6,Panas
2025-12-06 17:20:14,30.4,79.6,Panas
2025-12-06 17:20:16,30.5,79.6,Panas
2025-12-06 17:20:16,30.5,79.6,Panas
2025-12-06 17:20:18,30.4,79.6,Panas
2025-12-06 17:20:18,30.4,79.6,Panas
2025-12-06 17:20:20,30.5,79.6,Panas
2025-12-06 17:20:20,30.5,79.6,Panas
2025-12-06 17:20:22,30.5,79.6,Panas
2025-12-06 17:20:22,30.5,79.6,Panas
2025-12-06 17:20:24,30.5,79.5,Panas
2025-12-06 17:20:24,30.5,79.5,Panas
2025-12-06 17:20:26,30.5,79.5,Panas
2025-12-06 17:20:26,30.5,79.5,Panas
2025-12-06 17:20:28,30.5,79.5,Panas
2025-12-06 17:20:28,30.5,79.5,Panas
2025-12-06 17:20:30,30.5,79.4,Panas
2025-12-06 17:20:30,30.5,79.4,Panas
2025-12-06 17:20:32,30.5,79.4,Panas
2025-12-06 17:20:32,30.5,79.4,Panas
2025-12-06 17:20:34,30.5,79.4,Panas
2025-12-06 17:20:34,30.5,79.4,Panas
2025-12-06 17:20:36,30.5,79.4,Panas
2025-12-06 17:20:36,30.5,79.4,Panas
2025-12-06 17:20:38,30.5,79.3,Panas
2025-12-06 17:20:38,30.5,79.3,Panas
2025-12-06 17:20:40,30.5,79.3,Panas
2025-12-06 17:20:40,30.5,79.3,Panas
2025-12-06 17:20:42,30.5,79.3,Panas
2025-12-06 17:20:42,30.5,79.3,Panas
2025-12-06 17:20:44,30.5,79.2,Panas
2025-12-06 17:20:44,30.5,79.2,Panas
2025-12-06 17:20:46,30.5,79.2,Panas
2025-12-06 17:20:46,30.5,79.2,Panas
2025-12-06 17:20:48,30.5,79.2,Panas
2025-12-06 17:20:48,30.5,79.2,Panas
2025-12-06 17:20:50,30.5,79.2,Panas
2025-12-06 17:20:50,30.5,79.2,Panas
2025-12-06 17:20:52,30.5,79.1,Panas
2025-12-06 17:20:52,30.5,79.1,Panas
2025-12-06 17:20:54,30.5,79.1,Panas
2025-12-06 17:20:54,30.5,79.1,Panas
2025-12-06 17:20:56,30.5,79.1,Panas
2025-12-06 17:20:56,30.5,79.1,Panas
2025-12-06 17:20:58,30.5,79.1,Panas
2025-12-06 17:20:58,30.5,79.1,Panas
2025-12-06 17:21:00,30.5,79.1,Panas
2025-12-06 17:21:00,30.5,79.1,Panas
2025-12-06 17:21:02,30.5,79.1,Panas
2025-12-06 17:21:02,30.5,79.1,Panas
2025-12-06 17:21:04,30.5,79.1,Panas
2025-12-06 17:21:04,30.5,79.1,Panas
2025-12-06 17:21:06,30.5,79.1,Panas
2025-12-06 17:21:06,30.5,79.1,Panas
2025-12-06 17:21:08,30.5,79.1,Panas
2025-12-06 17:21:08,30.5,79.1,Panas
2025-12-06 17:21:10,30.5,79.0,Panas
2025-12-06 17:21:10,30.5,79.0,Panas
2025-12-06 17:21:12,30.5,79.0,Panas
2025-12-06 17:21:12,30.5,79.0,Panas
2025-12-06 17:21:14,30.5,79.0,Panas
2025-12-06 17:21:14,30.5,79.0,Panas
2025-12-06 17:21:16,30.5,79.0,Panas
2025-12-06 17:21:16,30.5,79.0,Panas
2025-12-06 17:21:18,30.5,79.0,Panas
2025-12-06 17:21:18,30.5,79.0,Panas
2025-12-06 17:21:20,30.5,79.0,Panas
2025-12-06 17:21:20,30.5,79.0,Panas
2025-12-06 17:21:22,30.5,78.9,Panas
2025-12-06 17:21:22,30.5,78.9,Panas
2025-12-06 17:21:24,30.5,78.9,Panas
2025-12-06 17:21:24,30.5,78.9,Panas
2025-12-06 17:21:26,30.5,78.9,Panas
2025-12-06 17:21:28,30.5,78.9,Panas
2025-12-06 17:21:30,30.5,78.9,Panas
2025-12-06 17:21:32,30.5,78.9,Panas
2025-12-06 17:21:26,30.5,78.9,Panas
2025-12-06 17:21:28,30.5,78.9,Panas
2025-12-06 17:21:30,30.5,78.9,Panas
2025-12-06 17:21:32,30.5,78.9,Panas
2025-12-06 17:21:34,30.5,78.9,Panas
2025-12-06 17:21:34,30.5,78.9,Panas
2025-12-06 17:21:36,30.6,78.9,Panas
2025-12-06 17:21:36,30.6,78.9,Panas
2025-12-06 17:21:38,30.6,78.9,Panas
2025-12-06 17:21:38,30.6,78.9,Panas
2025-12-06 17:21:40,30.6,78.9,Panas
2025-12-06 17:21:40,30.6,78.9,Panas
2025-12-06 17:21:42,30.6,78.9,Panas
2025-12-06 17:21:42,30.6,78.9,Panas
2025-12-06 17:21:44,30.5,78.8,Panas
2025-12-06 17:21:44,30.5,78.8,Panas
2025-12-06 17:21:46,30.6,78.8,Panas
2025-12-06 17:21:46,30.6,78.8,Panas
2025-12-06 17:21:48,30.5,78.8,Panas
2025-12-06 17:21:48,30.5,78.8,Panas
2025-12-06 17:21:50,30.5,78.8,Panas
2025-12-06 17:21:50,30.5,78.8,Panas
2025-12-06 17:21:52,30.6,78.8,Panas
2025-12-06 17:21:52,30.6,78.8,Panas
2025-12-06 17:21:54,30.6,78.8,Panas
2025-12-06 17:21:54,30.6,78.8,Panas
2025-12-06 17:21:56,30.5,78.8,Panas
2025-12-06 17:21:56,30.5,78.8,Panas
2025-12-06 17:21:58,30.6,78.7,Panas
2025-12-06 17:22:00,30.6,78.7,Panas
2025-12-06 17:22:02,30.6,78.7,Panas
2025-12-06 17:22:04,30.6,78.7,Panas
2025-12-06 17:22:06,30.6,78.7,Panas
2025-12-06 17:21:58,30.6,78.7,Panas
2025-12-06 17:22:08,30.6,78.7,Panas
2025-12-06 17:22:00,30.6,78.7,Panas
2025-12-06 17:22:02,30.6,78.7,Panas
2025-12-06 17:22:04,30.6,78.7,Panas
2025-12-06 17:22:06,30.6,78.7,Panas
2025-12-06 17:22:08,30.6,78.7,Panas
2025-12-06 17:22:10,30.6,78.7,Panas
2025-12-06 17:22:10,30.6,78.7,Panas
2025-12-06 17:22:12,30.6,78.7,Panas
2025-12-06 17:22:12,30.6,78.7,Panas
2025-12-06 17:22:14,30.6,78.7,Panas
2025-12-06 17:22:14,30.6,78.7,Panas
2025-12-06 17:22:16,30.6,78.7,Panas
2025-12-06 17:22:16,30.6,78.7,Panas
2025-12-06 17:22:18,30.6,78.6,Panas
2025-12-06 17:22:18,30.6,78.6,Panas
2025-12-06 17:22:20,30.6,78.6,Panas
2025-12-06 17:22:20,30.6,78.6,Panas
2025-12-06 17:22:22,30.6,78.7,Panas
2025-12-06 17:22:22,30.6,78.7,Panas
2025-12-06 17:22:24,30.6,78.7,Panas
2025-12-06 17:22:24,30.6,78.7,Panas
2025-12-06 17:22:26,30.6,78.7,Panas
2025-12-06 17:22:26,30.6,78.7,Panas
2025-12-06 17:22:28,30.6,78.8,Panas
2025-12-06 17:22:28,30.6,78.8,Panas
2025-12-06 17:22:30,30.6,79.0,Panas
2025-12-06 17:22:30,30.6,79.0,Panas
2025-12-06 17:22:32,30.6,79.6,Panas
2025-12-06 17:22:32,30.6,79.6,Panas
2025-12-06 17:22:34,30.6,79.8,Panas
2025-12-06 17:22:34,30.6,79.8,Panas
2025-12-06 17:22:36,30.6,80.0,Panas
2025-12-06 17:22:36,30.6,80.0,Panas
2025-12-06 17:22:38,30.6,80.2,Panas
2025-12-06 17:22:38,30.6,80.2,Panas
2025-12-06 17:22:40,30.6,80.3,Panas
2025-12-06 17:22:40,30.6,80.3,Panas
2025-12-06 17:22:42,30.6,80.2,Panas
2025-12-06 17:22:42,30.6,80.2,Panas
2025-12-06 17:22:44,30.6,80.2,Panas
2025-12-06 17:22:44,30.6,80.2,Panas
2025-12-06 17:22:46,30.6,80.2,Panas
2025-12-06 17:22:46,30.6,80.2,Panas
2025-12-06 17:22:48,30.7,80.1,Panas
2025-12-06 17:22:48,30.7,80.1,Panas
2025-12-06 17:22:50,30.7,80.1,Panas
2025-12-06 17:22:50,30.7,80.1,Panas
2025-12-06 17:22:52,30.7,80.0,Panas
2025-12-06 17:22:52,30.7,80.0,Panas
2025-12-06 17:22:54,30.7,79.9,Panas
2025-12-06 17:22:54,30.7,79.9,Panas
2025-12-06 17:22:56,30.7,79.9,Panas
2025-12-06 17:22:56,30.7,79.9,Panas
2025-12-06 17:22:58,30.7,79.8,Panas
2025-12-06 17:22:58,30.7,79.8,Panas
2025-12-06 17:23:00,30.7,79.7,Panas
2025-12-06 17:23:00,30.7,79.7,Panas
2025-12-06 17:23:02,30.7,79.6,Panas
2025-12-06 17:23:02,30.7,79.6,Panas
2025-12-06 17:23:04,30.7,79.5,Panas
2025-12-06 17:23:04,30.7,79.5,Panas
2025-12-06 17:23:06,30.7,79.4,Panas
2025-12-06 17:23:06,30.7,79.4,Panas
2025-12-06 17:23:08,30.7,79.3,Panas
2025-12-06 17:23:08,30.7,79.3,Panas
2025-12-06 17:23:10,30.7,79.2,Panas
2025-12-06 17:23:10,30.7,79.2,Panas
2025-12-06 17:23:12,30.7,79.1,Panas
2025-12-06 17:23:12,30.7,79.1,Panas
2025-12-06 17:23:14,30.7,79.0,Panas
2025-12-06 17:23:14,30.7,79.0,Panas
2025-12-06 17:23:16,30.7,78.9,Panas
2025-12-06 17:23:16,30.7,78.9,Panas
2025-12-06 17:23:18,30.8,78.9,Panas
2025-12-06 17:23:18,30.8,78.9,Panas
2025-12-06 17:23:20,30.8,78.8,Panas
2025-12-06 17:23:20,30.8,78.8,Panas
2025-12-06 17:23:22,30.7,78.8,Panas
2025-12-06 17:23:22,30.7,78.8,Panas
2025-12-06 17:23:24,30.8,78.7,Panas
2025-12-06 17:23:24,30.8,78.7,Panas
2025-12-06 17:23:26,30.8,78.7,Panas
2025-12-06 17:23:28,30.8,78.6,Panas
2025-12-06 17:23:26,30.8,78.7,Panas
2025-12-06 17:23:28,30.8,78.6,Panas
2025-12-06 17:23:30,30.8,78.5,Panas
2025-12-06 17:23:30,30.8,78.5,Panas
2025-12-06 17:23:32,30.7,78.5,Panas
2025-12-06 17:23:32,30.7,78.5,Panas
2025-12-06 17:23:34,30.7,78.4,Panas
2025-12-06 17:23:34,30.7,78.4,Panas
2025-12-06 17:23:36,30.8,78.3,Panas
2025-12-06 17:23:38,30.8,78.3,Panas
2025-12-06 17:23:36,30.8,78.3,Panas
2025-12-06 17:23:38,30.8,78.3,Panas
2025-12-06 17:23:40,30.7,78.3,Panas
2025-12-06 17:23:40,30.7,78.3,Panas
2025-12-06 17:23:42,30.7,78.3,Panas
2025-12-06 17:23:42,30.7,78.3,Panas
2025-12-06 17:23:44,30.7,78.3,Panas
2025-12-06 17:23:46,30.7,78.2,Panas
2025-12-06 17:23:44,30.7,78.3,Panas
2025-12-06 17:23:46,30.7,78.2,Panas
2025-12-06 17:23:48,30.7,78.2,Panas
2025-12-06 17:23:48,30.7,78.2,Panas
2025-12-06 17:23:50,30.7,78.2,Panas
2025-12-06 17:23:50,30.7,78.2,Panas
2025-12-06 17:23:52,30.7,78.2,Panas
2025-12-06 17:23:52,30.7,78.2,Panas
2025-12-06 17:23:54,30.7,78.2,Panas
2025-12-06 17:23:54,30.7,78.2,Panas
2025-12-06 17:23:56,30.7,78.1,Panas
2025-12-06 17:23:58,30.7,78.2,Panas
2025-12-06 17:23:56,30.7,78.1,Panas
2025-12-06 17:24:00,30.7,78.2,Panas
2025-12-06 17:23:58,30.7,78.2,Panas
2025-12-06 17:24:00,30.7,78.2,Panas
2025-12-06 17:24:02,30.7,78.2,Panas
2025-12-06 17:24:02,30.7,78.2,Panas
2025-12-06 17:24:04,30.7,78.2,Panas
2025-12-06 17:24:04,30.7,78.2,Panas
2025-12-06 17:24:06,30.7,78.3,Panas
2025-12-06 17:24:06,30.7,78.3,Panas
2025-12-06 17:24:08,30.7,78.3,Panas
2025-12-06 17:24:10,30.7,78.3,Panas
2025-12-06 17:24:08,30.7,78.3,Panas
2025-12-06 17:24:10,30.7,78.3,Panas
2025-12-06 17:24:12,30.7,78.3,Panas
2025-12-06 17:24:12,30.7,78.3,Panas
2025-12-06 17:24:14,30.7,78.3,Panas
2025-12-06 17:24:14,30.7,78.3,Panas
2025-12-06 17:24:16,30.7,78.3,Panas
2025-12-06 17:24:16,30.7,78.3,Panas
2025-12-06 17:24:18,30.7,78.3,Panas
2025-12-06 17:24:18,30.7,78.3,Panas
2025-12-06 17:24:20,30.7,78.2,Panas
2025-12-06 17:24:20,30.7,78.2,Panas
2025-12-06 17:24:22,30.7,78.2,Panas
2025-12-06 17:24:22,30.7,78.2,Panas
2025-12-06 17:24:24,30.8,78.3,Panas
2025-12-06 17:24:24,30.8,78.3,Panas
2025-12-06 17:24:26,30.8,78.4,Panas
2025-12-06 17:24:26,30.8,78.4,Panas
2025-12-06 17:24:28,30.8,78.4,Panas
2025-12-06 17:24:28,30.8,78.4,Panas
2025-12-06 17:24:30,30.7,78.4,Panas
2025-12-06 17:24:30,30.7,78.4,Panas
2025-12-06 17:24:32,30.8,78.4,Panas
2025-12-06 17:24:32,30.8,78.4,Panas
2025-12-06 17:24:34,30.7,78.3,Panas
2025-12-06 17:24:34,30.7,78.3,Panas
2025-12-06 17:24:36,30.7,78.3,Panas
2025-12-06 17:24:36,30.7,78.3,Panas
2025-12-06 17:24:38,30.7,78.3,Panas
2025-12-06 17:24:38,30.7,78.3,Panas
2025-12-06 17:24:40,30.7,78.2,Panas
2025-12-06 17:24:40,30.7,78.2,Panas
2025-12-06 17:24:42,30.7,78.2,Panas
2025-12-06 17:24:42,30.7,78.2,Panas
2025-12-06 17:24:44,30.7,78.2,Panas
2025-12-06 17:24:44,30.7,78.2,Panas
2025-12-06 17:24:46,30.7,78.1,Panas
2025-12-06 17:24:46,30.7,78.1,Panas
2025-12-06 17:24:48,30.7,78.1,Panas
2025-12-06 17:24:48,30.7,78.1,Panas
2025-12-06 17:24:50,30.7,78.0,Panas
2025-12-06 17:24:50,30.7,78.0,Panas
2025-12-06 17:24:52,30.7,78.0,Panas
2025-12-06 17:24:52,30.7,78.0,Panas
2025-12-06 17:24:54,30.7,78.0,Panas
2025-12-06 17:24:54,30.7,78.0,Panas
2025-12-06 17:24:56,30.7,78.0,Panas
2025-12-06 17:24:56,30.7,78.0,Panas
2025-12-06 17:24:58,30.7,78.0,Panas
2025-12-06 17:24:58,30.7,78.0,Panas
2025-12-06 17:25:00,30.7,78.1,Panas
2025-12-06 17:25:00,30.7,78.1,Panas
2025-12-06 17:25:02,30.7,78.1,Panas
2025-12-06 17:25:02,30.7,78.1,Panas
2025-12-06 17:25:04,30.7,78.0,Panas
2025-12-06 17:25:04,30.7,78.0,Panas
2025-12-06 17:25:06,30.7,78.0,Panas
2025-12-06 17:25:06,30.7,78.0,Panas
2025-12-06 17:25:08,30.7,78.0,Panas
2025-12-06 17:25:08,30.7,78.0,Panas
2025-12-06 17:25:10,30.7,78.0,Panas
2025-12-06 17:25:10,30.7,78.0,Panas
2025-12-06 17:25:12,30.7,78.0,Panas
2025-12-06 17:25:12,30.7,78.0,Panas
2025-12-06 17:25:14,30.7,78.0,Panas
2025-12-06 17:25:14,30.7,78.0,Panas
2025-12-06 17:25:16,30.7,78.0,Panas
2025-12-06 17:25:16,30.7,78.0,Panas
2025-12-06 17:25:18,30.7,78.0,Panas
2025-12-06 17:25:18,30.7,78.0,Panas
2025-12-06 17:25:20,30.7,78.0,Panas
2025-12-06 17:25:20,30.7,78.0,Panas
2025-12-06 17:25:22,30.7,77.9,Panas
2025-12-06 17:25:22,30.7,77.9,Panas
2025-12-06 17:25:24,30.7,78.0,Panas
2025-12-06 17:25:24,30.7,78.0,Panas
2025-12-06 17:25:26,30.7,77.9,Panas
2025-12-06 17:25:26,30.7,77.9,Panas
2025-12-06 17:25:28,30.7,77.9,Panas
2025-12-06 17:25:28,30.7,77.9,Panas
2025-12-06 17:25:30,30.7,77.9,Panas
2025-12-06 17:25:30,30.7,77.9,Panas
2025-12-06 17:25:32,30.7,77.9,Panas
2025-12-06 17:25:32,30.7,77.9,Panas
2025-12-06 17:25:34,30.7,77.9,Panas
2025-12-06 17:25:34,30.7,77.9,Panas
2025-12-06 17:25:36,30.7,77.9,Panas
2025-12-06 17:25:36,30.7,77.9,Panas
2025-12-06 17:25:38,30.7,77.9,Panas
2025-12-06 17:25:38,30.7,77.9,Panas
2025-12-06 17:25:40,30.7,77.9,Panas
2025-12-06 17:25:42,30.7,77.9,Panas
2025-12-06 17:25:40,30.7,77.9,Panas
2025-12-06 17:25:42,30.7,77.9,Panas
2025-12-06 17:25:44,30.7,77.9,Panas
2025-12-06 17:25:44,30.7,77.9,Panas
2025-12-06 17:25:46,30.7,77.9,Panas
2025-12-06 17:25:46,30.7,77.9,Panas
2025-12-06 17:25:48,30.7,77.9,Panas
2025-12-06 17:25:48,30.7,77.9,Panas
2025-12-06 17:25:50,30.7,77.9,Panas
2025-12-06 17:25:50,30.7,77.9,Panas
2025-12-06 17:25:52,30.7,78.0,Panas
2025-12-06 17:25:52,30.7,78.0,Panas
2025-12-06 17:25:54,30.7,78.0,Panas
2025-12-06 17:25:54,30.7,78.0,Panas
2025-12-06 17:25:56,30.7,78.0,Panas
2025-12-06 17:25:56,30.7,78.0,Panas
2025-12-06 17:25:58,30.7,78.0,Panas
2025-12-06 17:25:58,30.7,78.0,Panas
2025-12-06 17:26:00,30.7,78.0,Panas
2025-12-06 17:26:00,30.7,78.0,Panas
2025-12-06 17:26:02,30.7,77.9,Panas
2025-12-06 17:26:02,30.7,77.9,Panas
2025-12-06 17:26:04,30.7,78.0,Panas
2025-12-06 17:26:04,30.7,78.0,Panas
2025-12-06 17:26:06,30.7,78.0,Panas
2025-12-06 17:26:06,30.7,78.0,Panas
2025-12-06 17:26:08,30.7,77.9,Panas
2025-12-06 17:26:08,30.7,77.9,Panas
2025-12-06 17:26:10,30.7,77.9,Panas
2025-12-06 17:26:10,30.7,77.9,Panas
2025-12-06 17:26:12,30.7,78.0,Panas
2025-12-06 17:26:12,30.7,78.0,Panas
2025-12-06 17:26:14,30.7,77.9,Panas
2025-12-06 17:26:14,30.7,77.9,Panas
2025-12-06 17:26:16,30.7,77.9,Panas
2025-12-06 17:26:16,30.7,77.9,Panas
2025-12-06 17:26:18,30.7,77.9,Panas
2025-12-06 17:26:18,30.7,77.9,Panas
2025-12-06 17:26:20,30.7,77.9,Panas
2025-12-06 17:26:20,30.7,77.9,Panas
2025-12-06 17:26:22,30.7,78.0,Panas
2025-12-06 17:26:22,30.7,78.0,Panas
2025-12-06 17:26:24,30.7,78.0,Panas
2025-12-06 17:26:24,30.7,78.0,Panas
2025-12-06 17:26:26,30.7,77.9,Panas
2025-12-06 17:26:26,30.7,77.9,Panas
2025-12-06 17:26:28,30.7,78.0,Panas
2025-12-06 17:26:28,30.7,78.0,Panas
2025-12-06 17:26:30,30.7,77.9,Panas
2025-12-06 17:26:30,30.7,77.9,Panas
2025-12-06 17:26:32,30.7,77.9,Panas
2025-12-06 17:26:32,30.7,77.9,Panas
2025-12-06 17:26:34,30.7,78.0,Panas
2025-12-06 17:26:34,30.7,78.0,Panas
2025-12-06 17:26:36,30.7,77.9,Panas
2025-12-06 17:26:36,30.7,77.9,Panas
2025-12-06 17:26:38,30.7,77.9,Panas
2025-12-06 17:26:38,30.7,77.9,Panas
2025-12-06 17:26:40,30.7,77.9,Panas
2025-12-06 17:26:40,30.7,77.9,Panas
2025-12-06 17:26:42,30.7,77.9,Panas
2025-12-06 17:26:42,30.7,77.9,Panas
2025-12-06 17:26:44,30.7,77.9,Panas
2025-12-06 17:26:44,30.7,77.9,Panas
2025-12-06 17:26:46,30.7,77.9,Panas
2025-12-06 17:26:46,30.7,77.9,Panas
2025-12-06 17:26:48,30.7,77.9,Panas
2025-12-06 17:26:48,30.7,77.9,Panas
2025-12-06 17:26:50,30.7,77.9,Panas
2025-12-06 17:26:50,30.7,77.9,Panas
2025-12-06 17:26:52,30.7,77.9,Panas
2025-12-06 17:26:52,30.7,77.9,Panas
2025-12-06 17:26:54,30.7,77.9,Panas
2025-12-06 17:26:54,30.7,77.9,Panas
2025-12-06 17:26:56,30.7,77.9,Panas
2025-12-06 17:26:56,30.7,77.9,Panas
2025-12-06 17:26:58,30.7,78.0,Panas
2025-12-06 17:26:58,30.7,78.0,Panas
2025-12-06 17:27:00,30.7,78.2,Panas
2025-12-06 17:27:00,30.7,78.2,Panas
2025-12-06 17:27:02,30.7,78.3,Panas
2025-12-06 17:27:02,30.7,78.3,Panas
2025-12-06 17:27:04,30.7,78.3,Panas
2025-12-06 17:27:04,30.7,78.3,Panas
2025-12-06 17:27:06,30.7,78.3,Panas
2025-12-06 17:27:06,30.7,78.3,Panas
2025-12-06 17:27:08,30.8,78.2,Panas
2025-12-06 17:27:08,30.8,78.2,Panas
2025-12-06 17:27:10,30.8,78.4,Panas
2025-12-06 17:27:10,30.8,78.4,Panas
2025-12-06 17:27:12,30.8,78.9,Panas
2025-12-06 17:27:12,30.8,78.9,Panas
2025-12-06 17:27:14,30.8,79.0,Panas
2025-12-06 17:27:14,30.8,79.0,Panas
2025-12-06 17:27:16,30.8,79.0,Panas
2025-12-06 17:27:16,30.8,79.0,Panas
2025-12-06 17:27:18,30.8,79.0,Panas
2025-12-06 17:27:18,30.8,79.0,Panas
2025-12-06 17:27:20,30.8,79.0,Panas
2025-12-06 17:27:20,30.8,79.0,Panas
2025-12-06 17:27:22,30.8,79.0,Panas
2025-12-06 17:27:22,30.8,79.0,Panas
2025-12-06 17:27:24,30.8,79.0,Panas
2025-12-06 17:27:24,30.8,79.0,Panas
2025-12-06 17:27:26,30.8,78.9,Panas
2025-12-06 17:27:26,30.8,78.9,Panas
2025-12-06 17:27:28,30.8,78.8,Panas
2025-12-06 17:27:28,30.8,78.8,Panas
2025-12-06 17:27:30,30.8,78.7,Panas
2025-12-06 17:27:30,30.8,78.7,Panas
2025-12-06 17:27:32,30.8,78.7,Panas
2025-12-06 17:27:32,30.8,78.7,Panas
2025-12-06 17:27:34,30.8,78.5,Panas
2025-12-06 17:27:34,30.8,78.5,Panas
2025-12-06 17:27:36,30.8,78.5,Panas
2025-12-06 17:27:36,30.8,78.5,Panas
2025-12-06 17:27:38,30.8,78.3,Panas
2025-12-06 17:27:40,30.8,78.3,Panas
2025-12-06 17:27:38,30.8,78.3,Panas
2025-12-06 17:27:40,30.8,78.3,Panas
2025-12-06 17:27:42,30.8,78.2,Panas
2025-12-06 17:27:42,30.8,78.2,Panas
2025-12-06 17:27:44,30.8,78.1,Panas
2025-12-06 17:27:44,30.8,78.1,Panas
2025-12-06 17:27:46,30.8,78.1,Panas
2025-12-06 17:27:46,30.8,78.1,Panas
2025-12-06 17:27:48,30.8,78.0,Panas
2025-12-06 17:27:48,30.8,78.0,Panas
2025-12-06 17:27:50,30.8,78.0,Panas
2025-12-06 17:27:50,30.8,78.0,Panas
2025-12-06 17:27:52,30.8,77.9,Panas
2025-12-06 17:27:52,30.8,77.9,Panas
2025-12-06 17:27:54,30.8,77.9,Panas
2025-12-06 17:27:54,30.8,77.9,Panas
2025-12-06 17:27:56,30.8,77.9,Panas
2025-12-06 17:27:56,30.8,77.9,Panas
2025-12-06 17:27:58,30.8,77.8,Panas
2025-12-06 17:27:58,30.8,77.8,Panas
2025-12-06 17:28:00,30.8,77.8,Panas
2025-12-06 17:28:00,30.8,77.8,Panas
2025-12-06 17:28:02,30.8,77.8,Panas
2025-12-06 17:28:02,30.8,77.8,Panas
2025-12-06 17:28:04,30.8,77.8,Panas
2025-12-06 17:28:04,30.8,77.8,Panas
2025-12-06 17:28:06,30.8,77.8,Panas
2025-12-06 17:28:06,30.8,77.8,Panas
2025-12-06 17:28:08,30.8,77.8,Panas
2025-12-06 17:28:10,30.8,77.8,Panas
2025-12-06 17:28:12,30.8,77.8,Panas
2025-12-06 17:28:08,30.8,77.8,Panas
2025-12-06 17:28:10,30.8,77.8,Panas
2025-12-06 17:28:14,30.8,77.9,Panas
2025-12-06 17:28:12,30.8,77.8,Panas
2025-12-06 17:28:14,30.8,77.9,Panas
2025-12-06 17:28:16,30.8,77.9,Panas
2025-12-06 17:28:16,30.8,77.9,Panas
2025-12-06 17:28:18,30.8,77.9,Panas
2025-12-06 17:28:18,30.8,77.9,Panas
2025-12-06 17:28:20,30.8,77.9,Panas
2025-12-06 17:28:20,30.8,77.9,Panas
2025-12-06 17:28:22,30.8,78.3,Panas
2025-12-06 17:28:22,30.8,78.3,Panas
2025-12-06 17:28:24,30.8,78.4,Panas
2025-12-06 17:28:24,30.8,78.4,Panas
2025-12-06 17:28:26,30.9,78.3,Panas
2025-12-06 17:28:26,30.9,78.3,Panas
2025-12-06 17:28:28,30.9,78.3,Panas
2025-12-06 17:28:28,30.9,78.3,Panas
2025-12-06 17:28:30,30.9,78.2,Panas
2025-12-06 17:28:30,30.9,78.2,Panas
2025-12-06 17:28:32,30.9,78.2,Panas
2025-12-06 17:28:32,30.9,78.2,Panas
2025-12-06 17:28:34,30.9,78.1,Panas
2025-12-06 17:28:34,30.9,78.1,Panas
2025-12-06 17:28:36,30.9,78.1,Panas
2025-12-06 17:28:36,30.9,78.1,Panas
2025-12-06 17:28:38,30.9,78.0,Panas
2025-12-06 17:28:38,30.9,78.0,Panas
2025-12-06 17:28:40,30.9,78.0,Panas
2025-12-06 17:28:40,30.9,78.0,Panas
2025-12-06 17:28:42,30.9,77.9,Panas
2025-12-06 17:28:42,30.9,77.9,Panas
2025-12-06 17:28:44,30.9,77.8,Panas
2025-12-06 17:28:44,30.9,77.8,Panas
2025-12-06 17:28:46,30.9,77.7,Panas
2025-12-06 17:28:46,30.9,77.7,Panas
2025-12-06 17:28:48,30.9,77.7,Panas
2025-12-06 17:28:48,30.9,77.7,Panas
2025-12-06 17:28:50,31.0,77.6,Panas
2025-12-06 17:28:50,31.0,77.6,Panas
2025-12-06 17:28:52,31.0,77.6,Panas
2025-12-06 17:28:52,31.0,77.6,Panas
2025-12-06 17:28:54,31.0,77.7,Panas
2025-12-06 17:28:54,31.0,77.7,Panas
2025-12-06 17:28:56,31.0,77.6,Panas
2025-12-06 17:28:56,31.0,77.6,Panas
2025-12-06 17:28:58,31.0,77.6,Panas
2025-12-06 17:28:58,31.0,77.6,Panas
2025-12-06 17:29:00,31.0,77.6,Panas
2025-12-06 17:29:00,31.0,77.6,Panas
2025-12-06 17:29:02,31.0,77.8,Panas
2025-12-06 17:29:02,31.0,77.8,Panas
2025-12-06 17:29:04,31.0,78.0,Panas
2025-12-06 17:29:04,31.0,78.0,Panas
2025-12-06 17:29:06,31.0,78.2,Panas
2025-12-06 17:29:06,31.0,78.2,Panas
2025-12-06 17:29:08,31.0,78.3,Panas
2025-12-06 17:29:08,31.0,78.3,Panas
2025-12-06 17:29:10,31.0,78.6,Panas
2025-12-06 17:29:10,31.0,78.6,Panas
2025-12-06 17:29:12,31.0,78.8,Panas
2025-12-06 17:29:12,31.0,78.8,Panas
2025-12-06 17:29:14,31.0,78.9,Panas
2025-12-06 17:29:14,31.0,78.9,Panas
2025-12-06 17:29:16,31.0,79.0,Panas
2025-12-06 17:29:16,31.0,79.0,Panas
2025-12-06 17:29:18,31.0,79.1,Panas
2025-12-06 17:29:18,31.0,79.1,Panas
2025-12-06 17:29:20,31.0,79.2,Panas
2025-12-06 17:29:20,31.0,79.2,Panas
2025-12-06 17:29:22,31.0,79.3,Panas
2025-12-06 17:29:22,31.0,79.3,Panas
2025-12-06 17:29:24,31.0,79.3,Panas
2025-12-06 17:29:24,31.0,79.3,Panas
2025-12-06 17:29:26,31.0,79.2,Panas
2025-12-06 17:29:26,31.0,79.2,Panas
2025-12-06 17:29:28,31.0,79.2,Panas
2025-12-06 17:29:28,31.0,79.2,Panas
2025-12-06 17:29:30,31.0,79.2,Panas
2025-12-06 17:29:30,31.0,79.2,Panas
2025-12-06 17:29:32,31.0,79.2,Panas
2025-12-06 17:29:32,31.0,79.2,Panas
2025-12-06 17:29:34,31.0,79.2,Panas
2025-12-06 17:29:34,31.0,79.2,Panas
2025-12-06 17:29:36,31.0,79.1,Panas
2025-12-06 17:29:36,31.0,79.1,Panas
2025-12-06 17:29:38,31.0,79.0,Panas
2025-12-06 17:29:38,31.0,79.0,Panas
2025-12-06 17:29:40,31.0,78.9,Panas
2025-12-06 17:29:40,31.0,78.9,Panas
2025-12-06 17:29:42,31.0,78.8,Panas
2025-12-06 17:29:42,31.0,78.8,Panas
2025-12-06 17:29:44,31.0,78.9,Panas
2025-12-06 17:29:44,31.0,78.9,Panas
2025-12-06 17:29:46,31.0,78.8,Panas
2025-12-06 17:29:46,31.0,78.8,Panas
2025-12-06 17:29:48,31.0,79.0,Panas
2025-12-06 17:29:48,31.0,79.0,Panas
2025-12-06 17:29:50,31.0,78.9,Panas
2025-12-06 17:29:50,31.0,78.9,Panas
2025-12-06 17:29:52,31.0,78.8,Panas
2025-12-06 17:29:52,31.0,78.8,Panas
2025-12-06 17:29:54,31.0,78.8,Panas
2025-12-06 17:29:54,31.0,78.8,Panas
2025-12-06 17:29:56,31.0,78.8,Panas
2025-12-06 17:29:56,31.0,78.8,Panas
2025-12-06 17:29:58,31.0,79.0,Panas
2025-12-06 17:29:58,31.0,79.0,Panas
2025-12-06 17:30:00,31.0,79.1,Panas
2025-12-06 17:30:00,31.0,79.1,Panas
2025-12-06 17:30:02,31.0,79.5,Panas
2025-12-06 17:30:02,31.0,79.5,Panas
2025-12-06 17:30:04,31.1,79.6,Panas
2025-12-06 17:30:04,31.1,79.6,Panas
2025-12-06 17:30:07,31.0,79.6,Panas
2025-12-06 17:30:07,31.0,79.6,Panas
2025-12-06 17:30:09,31.1,79.6,Panas
2025-12-06 17:30:09,31.1,79.6,Panas
2025-12-06 17:30:11,31.0,79.5,Panas
2025-12-06 17:30:11,31.0,79.5,Panas
2025-12-06 17:30:13,31.0,79.3,Panas
2025-12-06 17:30:13,31.0,79.3,Panas
2025-12-06 17:30:15,31.0,79.1,Panas
2025-12-06 17:30:15,31.0,79.1,Panas
2025-12-06 17:30:17,31.0,78.9,Panas
2025-12-06 17:30:17,31.0,78.9,Panas
2025-12-06 17:30:19,31.0,78.7,Panas
2025-12-06 17:30:19,31.0,78.7,Panas
2025-12-06 17:30:21,31.0,78.6,Panas
2025-12-06 17:30:21,31.0,78.6,Panas
2025-12-06 17:30:23,31.1,78.4,Panas
2025-12-06 17:30:23,31.1,78.4,Panas
2025-12-06 17:30:25,31.1,78.3,Panas
2025-12-06 17:30:25,31.1,78.3,Panas
2025-12-06 17:30:27,31.1,78.2,Panas
2025-12-06 17:30:27,31.1,78.2,Panas
2025-12-06 17:30:29,31.1,78.0,Panas
2025-12-06 17:30:29,31.1,78.0,Panas
2025-12-06 17:30:31,31.1,77.9,Panas
2025-12-06 17:30:31,31.1,77.9,Panas
2025-12-06 17:30:33,31.1,77.8,Panas
2025-12-06 17:30:33,31.1,77.8,Panas
2025-12-06 17:30:35,31.1,77.7,Panas
2025-12-06 17:30:35,31.1,77.7,Panas
2025-12-06 17:30:37,31.1,77.6,Panas
2025-12-06 17:30:37,31.1,77.6,Panas
2025-12-06 17:30:39,31.1,77.6,Panas
2025-12-06 17:30:39,31.1,77.6,Panas
2025-12-06 17:30:41,31.0,77.5,Panas
2025-12-06 17:30:41,31.0,77.5,Panas
2025-12-06 17:30:43,31.0,77.5,Panas
2025-12-06 17:30:43,31.0,77.5,Panas
2025-12-06 17:30:45,31.0,77.4,Panas
2025-12-06 17:30:45,31.0,77.4,Panas
2025-12-06 17:30:47,31.0,77.4,Panas
2025-12-06 17:30:47,31.0,77.4,Panas
2025-12-06 17:30:49,31.0,77.4,Panas
2025-12-06 17:30:49,31.0,77.4,Panas
2025-12-06 17:30:51,31.0,77.4,Panas
2025-12-06 17:30:51,31.0,77.4,Panas
2025-12-06 17:30:53,31.0,77.3,Panas
2025-12-06 17:30:53,31.0,77.3,Panas
2025-12-06 17:30:55,31.0,77.3,Panas
2025-12-06 17:30:55,31.0,77.3,Panas
2025-12-06 17:30:57,31.0,77.3,Panas
2025-12-06 17:30:57,31.0,77.3,Panas
2025-12-06 17:30:59,31.0,77.2,Panas
2025-12-06 17:30:59,31.0,77.2,Panas
2025-12-06 17:31:01,31.0,77.2,Panas
2025-12-06 17:31:01,31.0,77.2,Panas
2025-12-06 17:31:03,31.0,77.2,Panas
2025-12-06 17:31:03,31.0,77.2,Panas
2025-12-06 17:31:05,31.0,77.2,Panas
2025-12-06 17:31:07,31.0,77.2,Panas
2025-12-06 17:31:09,31.0,77.2,Panas
2025-12-06 17:31:05,31.0,77.2,Panas
2025-12-06 17:31:07,31.0,77.2,Panas
2025-12-06 17:31:09,31.0,77.2,Panas
2025-12-06 17:31:11,31.0,77.3,Panas
2025-12-06 17:31:13,31.0,77.3,Panas
2025-12-06 17:31:11,31.0,77.3,Panas
2025-12-06 17:31:13,31.0,77.3,Panas
2025-12-06 17:31:15,31.0,77.3,Panas
2025-12-06 17:31:15,31.0,77.3,Panas
2025-12-06 17:31:17,31.0,77.3,Panas
2025-12-06 17:31:17,31.0,77.3,Panas
2025-12-06 17:31:19,31.0,77.3,Panas
2025-12-06 17:31:19,31.0,77.3,Panas
2025-12-06 17:31:21,31.0,77.3,Panas
2025-12-06 17:31:21,31.0,77.3,Panas
2025-12-06 17:31:23,31.0,77.3,Panas
2025-12-06 17:31:23,31.0,77.3,Panas
2025-12-06 17:31:25,31.0,77.4,Panas
2025-12-06 17:31:25,31.0,77.4,Panas
2025-12-06 17:31:27,31.0,77.4,Panas
2025-12-06 17:31:27,31.0,77.4,Panas
2025-12-06 17:31:29,31.0,77.4,Panas
2025-12-06 17:31:29,31.0,77.4,Panas
2025-12-06 17:31:31,31.0,77.4,Panas
2025-12-06 17:31:33,31.0,77.4,Panas
2025-12-06 17:31:31,31.0,77.4,Panas
2025-12-06 17:31:33,31.0,77.4,Panas
2025-12-06 17:31:35,31.0,77.4,Panas
2025-12-06 17:31:35,31.0,77.4,Panas
2025-12-06 17:31:37,31.0,77.4,Panas
2025-12-06 17:31:37,31.0,77.4,Panas
2025-12-06 17:31:39,31.0,77.4,Panas
2025-12-06 17:31:39,31.0,77.4,Panas
2025-12-06 17:31:41,31.0,77.4,Panas
2025-12-06 17:31:41,31.0,77.4,Panas
2025-12-06 17:31:43,31.0,77.4,Panas
2025-12-06 17:31:43,31.0,77.4,Panas
2025-12-06 17:31:45,31.0,77.4,Panas
2025-12-06 17:31:45,31.0,77.4,Panas
2025-12-06 17:31:47,31.0,77.4,Panas
2025-12-06 17:31:47,31.0,77.4,Panas
2025-12-06 17:31:49,31.0,77.4,Panas
2025-12-06 17:31:49,31.0,77.4,Panas
2025-12-06 17:31:51,30.9,77.4,Panas
2025-12-06 17:31:51,30.9,77.4,Panas
2025-12-06 17:31:53,30.9,77.4,Panas
2025-12-06 17:31:53,30.9,77.4,Panas
2025-12-06 17:31:55,30.9,77.5,Panas
2025-12-06 17:31:55,30.9,77.5,Panas
2025-12-06 17:31:57,30.9,77.5,Panas
2025-12-06 17:31:57,30.9,77.5,Panas
2025-12-06 17:31:59,30.9,77.5,Panas
2025-12-06 17:31:59,30.9,77.5,Panas
2025-12-06 17:32:01,30.9,77.5,Panas
2025-12-06 17:32:01,30.9,77.5,Panas
2025-12-06 17:32:03,31.0,77.4,Panas
2025-12-06 17:32:03,31.0,77.4,Panas
2025-12-06 17:32:05,30.9,77.5,Panas
2025-12-06 17:32:05,30.9,77.5,Panas
2025-12-06 17:32:07,30.9,77.5,Panas
2025-12-06 17:32:07,30.9,77.5,Panas
2025-12-06 17:32:09,30.9,77.4,Panas
2025-12-06 17:32:09,30.9,77.4,Panas
2025-12-06 17:32:11,30.9,77.4,Panas
2025-12-06 17:32:11,30.9,77.4,Panas
2025-12-06 17:32:13,30.9,77.4,Panas
2025-12-06 17:32:13,30.9,77.4,Panas
2025-12-06 17:32:15,30.9,77.4,Panas
2025-12-06 17:32:15,30.9,77.4,Panas
2025-12-06 17:32:17,30.9,77.4,Panas
2025-12-06 17:32:17,30.9,77.4,Panas
2025-12-06 17:32:19,30.9,77.5,Panas
2025-12-06 17:32:19,30.9,77.5,Panas
2025-12-06 17:32:21,30.9,77.5,Panas
2025-12-06 17:32:21,30.9,77.5,Panas
2025-12-06 17:32:23,30.9,77.5,Panas
2025-12-06 17:32:23,30.9,77.5,Panas
2025-12-06 17:32:25,30.9,77.5,Panas
2025-12-06 17:32:25,30.9,77.5,Panas
2025-12-06 17:32:27,30.9,77.5,Panas
2025-12-06 17:32:27,30.9,77.5,Panas
2025-12-06 17:32:29,30.9,77.5,Panas
2025-12-06 17:32:29,30.9,77.5,Panas
2025-12-06 17:32:31,30.9,77.5,Panas
2025-12-06 17:32:31,30.9,77.5,Panas
2025-12-06 17:32:33,30.9,77.5,Panas
2025-12-06 17:32:33,30.9,77.5,Panas
2025-12-06 17:32:35,30.9,77.5,Panas
2025-12-06 17:32:35,30.9,77.5,Panas
2025-12-06 17:32:37,30.9,77.4,Panas
2025-12-06 17:32:37,30.9,77.4,Panas
2025-12-06 17:32:39,30.9,77.5,Panas
2025-12-06 17:32:39,30.9,77.5,Panas
2025-12-06 17:32:41,30.9,77.5,Panas
2025-12-06 17:32:41,30.9,77.5,Panas
2025-12-06 17:32:43,30.9,77.5,Panas
2025-12-06 17:32:43,30.9,77.5,Panas
2025-12-06 17:32:45,30.9,77.5,Panas
2025-12-06 17:32:45,30.9,77.5,Panas
2025-12-06 17:32:47,30.9,77.4,Panas
2025-12-06 17:32:47,30.9,77.4,Panas
2025-12-06 17:32:49,30.9,77.4,Panas
2025-12-06 17:32:49,30.9,77.4,Panas
2025-12-06 17:32:51,30.9,77.4,Panas
2025-12-06 17:32:51,30.9,77.4,Panas
2025-12-06 17:32:53,30.9,77.5,Panas
2025-12-06 17:32:53,30.9,77.5,Panas
2025-12-06 17:32:55,30.9,77.5,Panas
2025-12-06 17:32:55,30.9,77.5,Panas
2025-12-06 17:32:57,30.9,77.5,Panas
2025-12-06 17:32:57,30.9,77.5,Panas
2025-12-06 17:32:59,30.9,77.6,Panas
2025-12-06 17:32:59,30.9,77.6,Panas
2025-12-06 17:33:01,30.9,77.6,Panas
2025-12-06 17:33:01,30.9,77.6,Panas
2025-12-06 17:33:03,30.9,77.5,Panas
2025-12-06 17:33:03,30.9,77.5,Panas
2025-12-06 17:33:05,30.9,77.6,Panas
2025-12-06 17:33:05,30.9,77.6,Panas
2025-12-06 17:33:07,30.9,77.6,Panas
2025-12-06 17:33:07,30.9,77.6,Panas
2025-12-06 17:33:09,30.9,77.6,Panas
2025-12-06 17:33:09,30.9,77.6,Panas
2025-12-06 17:33:11,30.9,77.7,Panas
2025-12-06 17:33:11,30.9,77.7,Panas
2025-12-06 17:33:13,30.9,77.7,Panas
2025-12-06 17:33:13,30.9,77.7,Panas
2025-12-06 17:33:15,30.9,77.7,Panas
2025-12-06 17:33:15,30.9,77.7,Panas
2025-12-06 17:33:17,30.9,77.7,Panas
2025-12-06 17:33:17,30.9,77.7,Panas
2025-12-06 17:33:19,30.9,77.7,Panas
2025-12-06 17:33:19,30.9,77.7,Panas
2025-12-06 17:33:21,30.9,77.7,Panas
2025-12-06 17:33:21,30.9,77.7,Panas
2025-12-06 17:33:23,30.9,77.8,Panas
2025-12-06 17:33:23,30.9,77.8,Panas
2025-12-06 17:33:25,30.9,77.8,Panas
2025-12-06 17:33:25,30.9,77.8,Panas
2025-12-06 17:33:27,30.9,77.8,Panas
2025-12-06 17:33:27,30.9,77.8,Panas
2025-12-06 17:33:29,30.9,77.9,Panas
2025-12-06 17:33:29,30.9,77.9,Panas
2025-12-06 17:33:31,30.9,77.9,Panas
2025-12-06 17:33:31,30.9,77.9,Panas
2025-12-06 17:33:33,30.9,77.9,Panas
2025-12-06 17:33:33,30.9,77.9,Panas
2025-12-06 17:33:35,30.9,77.9,Panas
2025-12-06 17:33:35,30.9,77.9,Panas
2025-12-06 17:33:37,30.9,77.9,Panas
2025-12-06 17:33:37,30.9,77.9,Panas
2025-12-06 17:33:39,30.9,78.0,Panas
2025-12-06 17:33:39,30.9,78.0,Panas
2025-12-06 17:33:41,30.9,78.0,Panas
2025-12-06 17:33:41,30.9,78.0,Panas
2025-12-06 17:33:43,30.9,78.0,Panas
2025-12-06 17:33:43,30.9,78.0,Panas
2025-12-06 17:33:45,30.9,78.0,Panas
2025-12-06 17:33:45,30.9,78.0,Panas
2025-12-06 17:33:47,30.9,78.0,Panas
2025-12-06 17:33:47,30.9,78.0,Panas
2025-12-06 17:33:49,30.9,78.0,Panas
2025-12-06 17:33:49,30.9,78.0,Panas
2025-12-06 17:33:51,30.9,77.9,Panas
2025-12-06 17:33:51,30.9,77.9,Panas
2025-12-06 17:33:53,30.9,77.9,Panas
2025-12-06 17:33:53,30.9,77.9,Panas
2025-12-06 17:33:55,30.9,77.9,Panas
2025-12-06 17:33:55,30.9,77.9,Panas
2025-12-06 17:33:57,30.9,77.9,Panas
2025-12-06 17:33:57,30.9,77.9,Panas
2025-12-06 17:33:59,30.9,77.8,Panas
2025-12-06 17:33:59,30.9,77.8,Panas
2025-12-06 17:34:01,30.9,77.8,Panas
2025-12-06 17:34:01,30.9,77.8,Panas
2025-12-06 17:34:03,30.9,77.8,Panas
2025-12-06 17:34:03,30.9,77.8,Panas
2025-12-06 17:34:05,30.9,77.7,Panas
2025-12-06 17:34:05,30.9,77.7,Panas
2025-12-06 17:34:07,30.9,77.7,Panas
2025-12-06 17:34:07,30.9,77.7,Panas
2025-12-06 17:34:09,30.9,77.7,Panas
2025-12-06 17:34:09,30.9,77.7,Panas
2025-12-06 17:34:11,30.9,77.7,Panas
2025-12-06 17:34:11,30.9,77.7,Panas
2025-12-06 17:34:13,30.9,77.7,Panas
2025-12-06 17:34:13,30.9,77.7,Panas
2025-12-06 17:34:15,30.9,77.6,Panas
2025-12-06 17:34:15,30.9,77.6,Panas
2025-12-06 17:34:17,30.9,77.6,Panas
2025-12-06 17:34:19,30.9,77.6,Panas
2025-12-06 17:34:17,30.9,77.6,Panas
2025-12-06 17:34:19,30.9,77.6,Panas
2025-12-06 17:34:21,30.9,77.6,Panas
2025-12-06 17:34:21,30.9,77.6,Panas
2025-12-06 17:34:23,30.9,77.6,Panas
2025-12-06 17:34:23,30.9,77.6,Panas
2025-12-06 17:34:25,30.9,77.6,Panas
2025-12-06 17:34:25,30.9,77.6,Panas
2025-12-06 17:34:27,30.9,77.6,Panas
2025-12-06 17:34:29,30.9,77.5,Panas
2025-12-06 17:34:27,30.9,77.6,Panas
2025-12-06 17:34:29,30.9,77.5,Panas
2025-12-06 17:34:31,30.9,77.6,Panas
2025-12-06 17:34:31,30.9,77.6,Panas
2025-12-06 17:34:33,30.9,77.5,Panas
2025-12-06 17:34:33,30.9,77.5,Panas
2025-12-06 17:34:35,30.9,77.5,Panas
2025-12-06 17:34:35,30.9,77.5,Panas
2025-12-06 17:34:37,30.9,77.5,Panas
2025-12-06 17:34:37,30.9,77.5,Panas
2025-12-06 17:34:39,30.9,77.5,Panas
2025-12-06 17:34:39,30.9,77.5,Panas
2025-12-06 17:34:41,30.9,77.5,Panas
2025-12-06 17:34:41,30.9,77.5,Panas
2025-12-06 17:34:43,30.9,77.5,Panas
2025-12-06 17:34:43,30.9,77.5,Panas
2025-12-06 17:34:45,30.9,77.5,Panas
2025-12-06 17:34:45,30.9,77.5,Panas
2025-12-06 17:34:47,30.9,77.5,Panas
2025-12-06 17:34:47,30.9,77.5,Panas
2025-12-06 17:34:49,30.9,77.5,Panas
2025-12-06 17:34:49,30.9,77.5,Panas
2025-12-06 17:34:51,30.9,77.5,Panas
2025-12-06 17:34:51,30.9,77.5,Panas
2025-12-06 17:34:53,30.9,77.5,Panas
2025-12-06 17:34:53,30.9,77.5,Panas
2025-12-06 17:34:55,30.9,77.5,Panas
2025-12-06 17:34:55,30.9,77.5,Panas
2025-12-06 17:34:57,30.9,77.5,Panas
2025-12-06 17:34:57,30.9,77.5,Panas
2025-12-06 17:34:59,30.9,77.5,Panas
2025-12-06 17:35:01,30.9,77.5,Panas
2025-12-06 17:34:59,30.9,77.5,Panas
2025-12-06 17:35:01,30.9,77.5,Panas
2025-12-06 17:35:03,30.9,77.5,Panas
2025-12-06 17:35:03,30.9,77.5,Panas
2025-12-06 17:35:05,30.9,77.5,Panas
2025-12-06 17:35:05,30.9,77.5,Panas
2025-12-06 17:35:07,30.9,77.5,Panas
2025-12-06 17:35:09,30.9,77.5,Panas
2025-12-06 17:35:07,30.9,77.5,Panas
2025-12-06 17:35:09,30.9,77.5,Panas
2025-12-06 17:35:11,30.9,77.5,Panas
2025-12-06 17:35:11,30.9,77.5,Panas
2025-12-06 17:35:13,30.9,77.5,Panas
2025-12-06 17:35:13,30.9,77.5,Panas
2025-12-06 17:35:15,30.9,77.5,Panas
2025-12-06 17:35:15,30.9,77.5,Panas
2025-12-06 17:35:17,30.9,77.6,Panas
2025-12-06 17:35:17,30.9,77.6,Panas
2025-12-06 17:35:19,30.9,77.6,Panas
2025-12-06 17:35:19,30.9,77.6,Panas
2025-12-06 17:35:21,30.9,77.6,Panas
2025-12-06 17:35:21,30.9,77.6,Panas
2025-12-06 17:35:23,30.9,77.6,Panas
2025-12-06 17:35:23,30.9,77.6,Panas
2025-12-06 17:35:25,30.9,77.6,Panas
2025-12-06 17:35:25,30.9,77.6,Panas
2025-12-06 17:35:45,30.9,77.8,Panas
2025-12-06 17:35:45,30.9,77.8,Panas
2025-12-06 17:35:47,30.9,77.8,Panas
2025-12-06 17:35:47,30.9,77.8,Panas
2025-12-06 17:35:49,30.9,77.9,Panas
2025-12-06 17:35:49,30.9,77.9,Panas
2025-12-06 17:35:51,30.9,77.9,Panas
2025-12-06 17:35:51,30.9,77.9,Panas
2025-12-06 17:35:53,30.9,78.0,Panas
2025-12-06 17:35:53,30.9,78.0,Panas
2025-12-06 17:35:55,30.9,78.1,Panas
2025-12-06 17:35:55,30.9,78.1,Panas
2025-12-06 17:35:57,30.9,78.1,Panas
2025-12-06 17:35:57,30.9,78.1,Panas
2025-12-06 17:35:59,30.9,78.1,Panas
2025-12-06 17:35:59,30.9,78.1,Panas
2025-12-06 17:36:01,30.9,78.0,Panas
2025-12-06 17:36:01,30.9,78.0,Panas
2025-12-06 17:36:03,30.9,78.1,Panas
2025-12-06 17:36:03,30.9,78.1,Panas
2025-12-06 17:36:05,30.9,78.0,Panas
2025-12-06 17:36:05,30.9,78.0,Panas
2025-12-06 17:36:07,30.9,78.1,Panas
2025-12-06 17:36:07,30.9,78.1,Panas
2025-12-06 17:36:09,30.9,78.1,Panas
2025-12-06 17:36:09,30.9,78.1,Panas
2025-12-06 17:36:11,30.9,78.0,Panas
2025-12-06 17:36:11,30.9,78.0,Panas
2025-12-06 17:36:13,30.9,77.9,Panas
2025-12-06 17:36:13,30.9,77.9,Panas
2025-12-06 17:36:15,31.0,77.9,Panas
2025-12-06 17:36:15,31.0,77.9,Panas
2025-12-06 17:36:17,31.0,77.8,Panas
2025-12-06 17:36:17,31.0,77.8,Panas
2025-12-06 17:36:19,31.0,77.8,Panas
2025-12-06 17:36:19,31.0,77.8,Panas
2025-12-06 17:36:21,31.0,77.7,Panas
2025-12-06 17:36:21,31.0,77.7,Panas
2025-12-06 17:36:23,31.0,77.9,Panas
2025-12-06 17:36:23,31.0,77.9,Panas
2025-12-06 17:36:25,31.0,78.0,Panas
2025-12-06 17:36:25,31.0,78.0,Panas
2025-12-06 17:36:27,31.0,78.0,Panas
2025-12-06 17:36:27,31.0,78.0,Panas
2025-12-06 17:36:29,31.0,78.0,Panas
2025-12-06 17:36:29,31.0,78.0,Panas
2025-12-06 17:36:31,31.0,78.0,Panas
2025-12-06 17:36:31,31.0,78.0,Panas
2025-12-06 17:36:33,31.0,78.0,Panas
2025-12-06 17:36:33,31.0,78.0,Panas
2025-12-06 17:36:35,31.0,77.9,Panas
2025-12-06 17:36:35,31.0,77.9,Panas
2025-12-06 17:36:37,31.0,77.9,Panas
2025-12-06 17:36:37,31.0,77.9,Panas
2025-12-06 17:36:39,31.0,77.8,Panas
2025-12-06 17:36:39,31.0,77.8,Panas
2025-12-06 17:36:41,31.0,77.8,Panas
2025-12-06 17:36:41,31.0,77.8,Panas
2025-12-06 17:36:43,31.0,77.8,Panas
2025-12-06 17:36:43,31.0,77.8,Panas
2025-12-06 17:36:45,31.0,77.8,Panas
2025-12-06 17:36:45,31.0,77.8,Panas
2025-12-06 17:36:47,31.0,77.8,Panas
2025-12-06 17:36:47,31.0,77.8,Panas
2025-12-06 17:36:49,31.0,77.8,Panas
2025-12-06 17:36:49,31.0,77.8,Panas
2025-12-06 17:36:51,31.0,77.9,Panas
2025-12-06 17:36:51,31.0,77.9,Panas
2025-12-06 17:36:53,31.0,77.9,Panas
2025-12-06 17:36:53,31.0,77.9,Panas
2025-12-06 17:36:55,31.0,78.0,Panas
2025-12-06 17:36:55,31.0,78.0,Panas
2025-12-06 17:36:57,31.0,78.0,Panas
2025-12-06 17:36:57,31.0,78.0,Panas
2025-12-06 17:36:59,31.0,78.0,Panas
2025-12-06 17:36:59,31.0,78.0,Panas
2025-12-06 17:37:01,31.0,78.0,Panas
2025-12-06 17:37:01,31.0,78.0,Panas
2025-12-06 17:37:03,31.0,78.1,Panas
2025-12-06 17:37:03,31.0,78.1,Panas
2025-12-06 17:37:05,31.0,78.0,Panas
2025-12-06 17:37:05,31.0,78.0,Panas
2025-12-06 17:37:07,31.0,78.0,Panas
2025-12-06 17:37:07,31.0,78.0,Panas
2025-12-06 17:37:09,31.0,78.0,Panas
2025-12-06 17:37:09,31.0,78.0,Panas
2025-12-06 17:37:11,31.0,78.0,Panas
2025-12-06 17:37:11,31.0,78.0,Panas
2025-12-06 17:37:13,31.0,78.0,Panas
2025-12-06 17:37:13,31.0,78.0,Panas
2025-12-06 17:37:15,31.0,78.0,Panas
2025-12-06 17:37:15,31.0,78.0,Panas
2025-12-06 17:37:17,31.0,78.0,Panas
2025-12-06 17:37:17,31.0,78.0,Panas
2025-12-06 17:37:19,31.0,77.9,Panas
2025-12-06 17:37:19,31.0,77.9,Panas
2025-12-06 17:37:21,31.0,77.9,Panas
2025-12-06 17:37:21,31.0,77.9,Panas
2025-12-06 17:37:23,31.0,77.8,Panas
2025-12-06 17:37:23,31.0,77.8,Panas
2025-12-06 17:37:25,31.0,77.7,Panas
2025-12-06 17:37:25,31.0,77.7,Panas
2025-12-06 17:37:27,31.0,77.6,Panas
2025-12-06 17:37:27,31.0,77.6,Panas
2025-12-06 17:37:29,31.0,77.6,Panas
2025-12-06 17:37:29,31.0,77.6,Panas
2025-12-06 17:37:31,31.0,77.6,Panas
2025-12-06 17:37:31,31.0,77.6,Panas
2025-12-06 17:37:33,31.0,77.5,Panas
2025-12-06 17:37:33,31.0,77.5,Panas
2025-12-06 17:37:35,31.0,77.4,Panas
2025-12-06 17:37:35,31.0,77.4,Panas
2025-12-06 17:37:37,31.0,77.4,Panas
2025-12-06 17:37:37,31.0,77.4,Panas
2025-12-06 17:37:39,31.0,77.4,Panas
2025-12-06 17:37:39,31.0,77.4,Panas
2025-12-06 17:37:41,31.0,77.3,Panas
2025-12-06 17:37:41,31.0,77.3,Panas
2025-12-06 17:37:43,31.0,77.3,Panas
2025-12-06 17:37:43,31.0,77.3,Panas
2025-12-06 17:37:45,31.0,77.3,Panas
2025-12-06 17:37:45,31.0,77.3,Panas
2025-12-06 17:37:47,31.0,77.2,Panas
2025-12-06 17:37:47,31.0,77.2,Panas
2025-12-06 17:37:49,31.0,77.2,Panas
2025-12-06 17:37:49,31.0,77.2,Panas
2025-12-06 17:37:51,31.0,77.2,Panas
2025-12-06 17:37:51,31.0,77.2,Panas
2025-12-06 17:37:53,31.0,77.2,Panas
2025-12-06 17:37:53,31.0,77.2,Panas
2025-12-06 17:37:55,31.0,77.2,Panas
2025-12-06 17:37:55,31.0,77.2,Panas
2025-12-06 17:37:57,31.0,77.2,Panas
2025-12-06 17:37:57,31.0,77.2,Panas
2025-12-06 17:37:59,31.0,77.1,Panas
2025-12-06 17:37:59,31.0,77.1,Panas
2025-12-06 17:38:01,31.0,77.1,Panas
2025-12-06 17:38:01,31.0,77.1,Panas
2025-12-06 17:38:03,31.0,77.1,Panas
2025-12-06 17:38:03,31.0,77.1,Panas
2025-12-06 17:38:05,31.0,77.1,Panas
2025-12-06 17:38:05,31.0,77.1,Panas
2025-12-06 17:38:07,31.0,77.1,Panas
2025-12-06 17:38:07,31.0,77.1,Panas
2025-12-06 17:38:09,31.0,77.1,Panas
2025-12-06 17:38:09,31.0,77.1,Panas
2025-12-06 17:38:11,31.0,77.1,Panas
2025-12-06 17:38:11,31.0,77.1,Panas
2025-12-06 17:38:13,31.1,77.1,Panas
2025-12-06 17:38:13,31.1,77.1,Panas
2025-12-06 17:38:15,31.0,77.3,Panas
2025-12-06 17:38:15,31.0,77.3,Panas
2025-12-06 17:38:17,31.0,77.4,Panas
2025-12-06 17:38:17,31.0,77.4,Panas
2025-12-06 17:38:19,31.0,77.5,Panas
2025-12-06 17:38:19,31.0,77.5,Panas
2025-12-06 17:38:21,31.0,77.5,Panas
2025-12-06 17:38:21,31.0,77.5,Panas
2025-12-06 17:38:23,31.0,77.4,Panas
2025-12-06 17:38:23,31.0,77.4,Panas
2025-12-06 17:38:25,31.0,77.4,Panas
2025-12-06 17:38:25,31.0,77.4,Panas
2025-12-06 17:38:27,31.0,77.4,Panas
2025-12-06 17:38:27,31.0,77.4,Panas
2025-12-06 17:38:29,31.0,77.3,Panas
2025-12-06 17:38:29,31.0,77.3,Panas
2025-12-06 17:38:31,31.0,77.3,Panas
2025-12-06 17:38:31,31.0,77.3,Panas
2025-12-06 17:38:33,31.0,77.2,Panas
2025-12-06 17:38:33,31.0,77.2,Panas
2025-12-06 17:38:35,31.0,77.2,Panas
2025-12-06 17:38:35,31.0,77.2,Panas
2025-12-06 17:38:37,31.0,77.2,Panas
2025-12-06 17:38:37,31.0,77.2,Panas
2025-12-06 17:38:39,31.0,77.2,Panas
2025-12-06 17:38:39,31.0,77.2,Panas
2025-12-06 17:38:41,31.0,77.1,Panas
2025-12-06 17:38:41,31.0,77.1,Panas
2025-12-06 17:38:43,31.0,77.1,Panas
2025-12-06 17:38:43,31.0,77.1,Panas
2025-12-06 17:38:45,31.0,77.0,Panas
2025-12-06 17:38:45,31.0,77.0,Panas
2025-12-06 17:38:47,31.0,77.1,Panas
2025-12-06 17:38:47,31.0,77.1,Panas
2025-12-06 17:38:49,31.0,77.1,Panas
2025-12-06 17:38:49,31.0,77.1,Panas
2025-12-06 17:38:51,31.0,77.0,Panas
2025-12-06 17:38:51,31.0,77.0,Panas
2025-12-06 17:38:53,31.0,77.1,Panas
2025-12-06 17:38:53,31.0,77.1,Panas
2025-12-06 17:38:55,31.0,77.0,Panas
2025-12-06 17:38:55,31.0,77.0,Panas
2025-12-06 17:38:57,31.0,77.0,Panas
2025-12-06 17:38:57,31.0,77.0,Panas
2025-12-06 17:38:59,31.0,77.0,Panas
2025-12-06 17:38:59,31.0,77.0,Panas
2025-12-06 17:39:01,31.1,77.0,Panas
2025-12-06 17:39:01,31.1,77.0,Panas
2025-12-06 17:39:03,31.1,77.0,Panas
2025-12-06 17:39:03,31.1,77.0,Panas
2025-12-06 17:39:05,31.0,77.0,Panas
2025-12-06 17:39:05,31.0,77.0,Panas
2025-12-06 17:39:07,31.0,77.0,Panas
2025-12-06 17:39:07,31.0,77.0,Panas
2025-12-06 17:39:09,31.0,77.2,Panas
2025-12-06 17:39:09,31.0,77.2,Panas
2025-12-06 17:39:11,31.1,77.4,Panas
2025-12-06 17:39:11,31.1,77.4,Panas
2025-12-06 17:39:13,31.0,77.5,Panas
2025-12-06 17:39:13,31.0,77.5,Panas
2025-12-06 17:39:15,31.1,77.5,Panas
2025-12-06 17:39:15,31.1,77.5,Panas
2025-12-06 17:39:17,31.0,77.5,Panas
2025-12-06 17:39:17,31.0,77.5,Panas
